epoch,train_loss,val_loss,psnr,ssim,lr
1,0.1134226811490953,0.06386074870824814,21.930682583602152,0.6559404390767074,0.0001
2,0.051628240551799535,0.0525100190192461,23.184152329907995,0.7059241236476063,0.0001
3,0.042009523110464214,0.035664457082748416,26.01970087653931,0.7460856535155214,0.0001
4,0.03799141027033329,0.03366711176931858,26.430085859765448,0.7612640018038653,0.0001
5,0.03657092652283609,0.034332139790058135,26.462948088124268,0.7670602613540426,0.0001
6,0.03490619282238185,0.03250388279557228,26.758806324047832,0.7726520063571102,0.0001
7,0.03439369481988251,0.030581843480467795,27.043956278351782,0.782138168739428,0.0001
8,0.034345921436324714,0.02979295253753662,27.183625533437976,0.7859739920975206,0.0001
9,0.03374863816425204,0.0294525183737278,27.28078263288038,0.787886713136146,0.0001
10,0.03352262942120433,0.03055479787290096,27.190694933642693,0.791655024327482,0.0001
11,0.032896387474611405,0.027936026081442834,27.618005045899757,0.7986378127958326,0.0001
12,0.032265319591388106,0.027995018661022185,27.707369918394022,0.8015864788493833,0.0001
13,0.03243741253390908,0.02734518013894558,27.810515871648,0.8072944664511331,0.0001
14,0.031327862180769446,0.02633780278265476,28.052715779592813,0.8151213030750512,0.0001
15,0.0314245299808681,0.025675234943628313,28.169984707329668,0.8169698595517604,0.0001
16,0.031024355087429286,0.02531513459980488,28.260295587515067,0.8203504114032454,0.0001
17,0.030990077080205083,0.025168130919337273,28.31834203466143,0.8228918723004914,0.0001
18,0.03099512471817434,0.025105024874210357,28.362806250728124,0.8236863393570317,0.0001
19,0.03047744059935212,0.024804741516709326,28.477959366340933,0.8263766976205315,0.0001
20,0.03036926478147507,0.02447071336209774,28.544659181672237,0.8292222304111687,0.0001
21,0.029888412952423095,0.025098248198628426,28.467025496992857,0.8266681771242667,0.0001
22,0.03004948436282575,0.024300839751958847,28.608230509315753,0.828749053455366,0.0001
23,0.02990484225563705,0.02484847977757454,28.536687336252935,0.8275942569236889,0.0001
24,0.030091491639614106,0.023921889439225196,28.693693154443025,0.8319400683623112,0.0001
25,0.029739775471389295,0.0240719772875309,28.685646730682492,0.8333625330431168,0.0001
26,0.029609560081735254,0.023857737332582472,28.71737501280009,0.8325229921922425,0.0001
27,0.029780518347397446,0.024487780779600142,28.665717893321222,0.8316443841406667,0.0001
28,0.02954185888171196,0.02431957684457302,28.729637512391804,0.8375969295645163,0.0001
29,0.029410536140203475,0.0229271125048399,28.876213627852273,0.837102584071587,0.0001
30,0.02960714156739414,0.023330648243427277,28.88319950477768,0.8374379502677817,0.0001
31,0.029158241003751754,0.023481856659054758,28.863976190524056,0.8370035057883506,0.0001
32,0.02900904997251928,0.023909642919898035,28.81808076995684,0.8375388457275121,0.0001
33,0.029094974119216202,0.022573987394571303,29.007895606373616,0.8396669518123338,0.0001
34,0.02946406399831176,0.023045021668076517,28.924423109204987,0.8360371014280515,0.0001
35,0.029109151549637318,0.022350296005606653,29.072918830002585,0.8412866415009722,0.0001
36,0.029153828527778387,0.02257438413798809,29.070171675789545,0.8409658569266221,0.0001
37,0.02899421184323728,0.022489262372255327,29.050774060647587,0.8419219292535065,0.0001
38,0.02895670129917562,0.023217911645770074,28.96126898393326,0.8414625020162892,0.0001
39,0.028881202237680554,0.023061476275324823,28.99157015425659,0.8408202504606841,0.0001
40,0.029353879485279323,0.02210817039012909,29.157992322847928,0.8441935102369774,0.0001
41,0.02884070508182049,0.022218703106045724,29.172262894598088,0.8437181978326246,0.0001
42,0.028627386400476098,0.02192135192453861,29.199083132597274,0.8446648225854064,0.0001
43,0.029041219586506486,0.022021428868174552,29.215956387289502,0.845673122512793,0.0001
44,0.028520883936434985,0.022628365829586983,29.13963820777156,0.8441646742378159,0.0001
45,0.029094115747138858,0.021954425424337388,29.247014646399748,0.8459419786278856,0.0001
46,0.028711307672783733,0.021900708973407745,29.268500590626722,0.8461351746330573,0.0001
47,0.028508777571842073,0.021654627099633218,29.304500318611254,0.8463009721923562,0.0001
48,0.028692404627799987,0.021908985450863838,29.284000079611197,0.8444851875262905,0.0001
49,0.028519685156643392,0.02189570814371109,29.295990712604322,0.8469926378085733,0.0001
50,0.028476117458194495,0.02199197858572006,29.290065737064033,0.8479508182136115,0.0001
51,0.028587727625854313,0.02213127799332142,29.253674996090353,0.8442989083566885,0.0001
52,0.028184222979471086,0.022065480053424836,29.28947649487601,0.8483191512081337,0.0001
53,0.02838999475352466,0.021486203372478484,29.34621275396425,0.8483575780723449,0.0001
54,0.027973463069647552,0.02124210391193628,29.44826803898683,0.8499739173196053,0.0001
55,0.028888576021417974,0.023858452588319777,29.036676730004537,0.8467539238104063,0.0001
56,0.02846488737501204,0.02158793993294239,29.390985165714646,0.8480572928378767,0.0001
57,0.02801515318453312,0.02151733934879303,29.403315723155327,0.8491117613257178,0.0001
58,0.028590942351147532,0.022773073241114616,29.218366331680766,0.8492570773582908,0.0001
59,0.028755621928721668,0.02142746262252331,29.44509555245191,0.8501655234652059,0.0001
60,0.027944446252658964,0.020998750999569892,29.497859016714575,0.8507612800384534,0.0001
61,0.028480557342991233,0.02134868539869785,29.46464357663199,0.8507048093546956,0.0001
62,0.028355701956897975,0.021074698865413667,29.525519480358618,0.8513619389066355,0.0001
63,0.028650564942508935,0.02146662026643753,29.46490579704283,0.8512629511724757,0.0001
64,0.028088092664256693,0.02115485444664955,29.480576596750858,0.8516036706920469,0.0001
65,0.02800979065708816,0.02103242836892605,29.499885891555103,0.8504488363887189,0.0001
66,0.028275979980826378,0.021088100224733352,29.521059235459397,0.8508879306453508,0.0001
67,0.027925005154684185,0.021368247643113136,29.527215841134666,0.8520882717889595,0.0001
68,0.028041848726570607,0.0209384273737669,29.543884948814764,0.8518453870787562,0.0001
69,0.028028350602835417,0.020853501930832862,29.554619589182437,0.8518799631249466,0.0001
70,0.027766333147883415,0.020825570076704027,29.610902880476896,0.8528444259244947,0.0001
71,0.028207373013719915,0.02078598625957966,29.597417347069644,0.8518251502329093,0.0001
72,0.027926338957622646,0.021093514934182166,29.5144850891567,0.8515830647516683,0.0001
73,0.028278735168278217,0.021513036265969277,29.545631649284154,0.8517124299474647,0.0001
74,0.028160471813753248,0.020835312828421593,29.607368856670526,0.8528386356056645,0.0001
75,0.02774533286690712,0.020830038189888,29.577567649377677,0.8528726121398915,0.0001
76,0.02791259394027293,0.021111932396888734,29.562923975433982,0.851840681380134,0.0001
77,0.02777257613837719,0.020847678929567338,29.593625027692593,0.8516316145335725,0.0001
78,0.0279228157363832,0.020674419403076173,29.64510231557215,0.8542339526582149,0.0001
79,0.027813893565908073,0.02077859602868557,29.64038591659476,0.8530734365150379,0.0001
80,0.0275234979391098,0.021357444673776628,29.552538475780107,0.8514772398704299,0.0001
81,0.027454435704275967,0.020592321082949637,29.683369413534365,0.8545437671569232,0.0001
82,0.02800076280720532,0.02077079564332962,29.647836326642032,0.8541014171834016,0.0001
83,0.027962975818663836,0.02044853791594505,29.713225902965227,0.8546485957184256,0.0001
84,0.027737061996012925,0.02108929753303528,29.602456059662735,0.8526155187707278,0.0001
85,0.02794090224429965,0.02056598849594593,29.680464174190973,0.854221167927317,0.0001
86,0.02789563304744661,0.021112917363643645,29.604338866237896,0.8536698594634136,0.0001
87,0.02766092267818749,0.02089778333902359,29.6728470634487,0.8555744082530339,0.0001
88,0.02770737634040415,0.020594536140561105,29.656190764542135,0.8533737915170617,0.0001
89,0.027599343974143268,0.020426031947135926,29.742469413805754,0.8551885439307849,0.0001
90,0.027940323473885656,0.020956691727042197,29.65254342736826,0.85474167503396,0.0001
91,0.02784152499400079,0.02066141664981842,29.688832490572253,0.8542329419085787,0.0001
92,0.027903887080028653,0.022943291068077087,29.314251712734336,0.8544036715000288,0.0001
93,0.027903472417965532,0.020417276956140994,29.75242852983063,0.8550157041699602,0.0001
94,0.027604844681918622,0.02051013857126236,29.7166583153366,0.8547806411951704,0.0001
95,0.027842377638444306,0.020467993430793287,29.706785958658134,0.854631851688116,0.0001
96,0.02759947438724339,0.020355106517672538,29.758382389277937,0.855926435949591,0.0001
97,0.027637054147198796,0.02051069401204586,29.720086400180634,0.8555161137390049,0.0001
98,0.027430794490501283,0.020701495558023454,29.69303864817183,0.8547000289969645,0.0001
99,0.02746295596472919,0.02062097452580929,29.68715023033736,0.8545785319211884,0.0001
100,0.027205718941986562,0.02096487134695053,29.69900595701257,0.855598734656516,0.0001
101,0.027928165635094048,0.02076295781880617,29.726260585835412,0.8551508676053373,0.0001
102,0.02787795128300786,0.020595061406493188,29.70421371972942,0.8540342583943386,0.0001
103,0.02763526204042137,0.020437497086822985,29.72388419073331,0.854994163661717,0.0001
104,0.027601692881435155,0.020544718578457834,29.727335458890895,0.8557294163661904,0.0001
105,0.027715350156649946,0.020326314494013786,29.77973721640625,0.8561934844352745,0.0001
106,0.02748998417519033,0.020415288396179676,29.748762878749528,0.8562437418914628,0.0001
107,0.027824964812025427,0.02041684128344059,29.725042480687232,0.8549284875642797,0.0001
108,0.027596588861197233,0.020473665930330752,29.734261091907577,0.8549416227892894,0.0001
109,0.02762407647445798,0.02017783261835575,29.820546719543408,0.8572911568358572,0.0001
110,0.027434475533664227,0.02029960826039314,29.76304981325893,0.8563563099837121,0.0001
111,0.027086245249956845,0.020411068014800547,29.75516360228349,0.8551965628082939,0.0001
112,0.027287324843928217,0.020311430655419828,29.78000215622955,0.8557572004325047,0.0001
113,0.02728578934445977,0.020218011923134327,29.79904617738935,0.8559972770100893,0.0001
114,0.027124946685507894,0.020211629942059516,29.80692507825514,0.8563982151167167,0.0001
115,0.02749247838743031,0.020436163432896136,29.75889892621448,0.8570541422512885,0.0001
116,0.027147063128650187,0.020219342596828938,29.82753983860119,0.8564847443755305,0.0001
117,0.027559981979429722,0.020179251953959466,29.84474778897867,0.8565749946087731,0.0001
118,0.027549957931041716,0.020284656807780264,29.8088100979056,0.8560641748237277,0.0001
119,0.02753062257543206,0.020834064297378063,29.690134646442438,0.8535513077541088,0.0001
120,0.027490661162883043,0.020287189073860644,29.799792158089502,0.8557294984228079,0.0001
121,0.027556499103084206,0.020536023750901224,29.748718788115333,0.854934949267473,0.0001
122,0.027435520198196173,0.02007926069200039,29.844278006369972,0.856517996057305,0.0001
123,0.0270778426900506,0.020474455319344997,29.764515583294752,0.8561480925510493,0.0001
124,0.027381053986027838,0.02016280721873045,29.838031941503527,0.8572155733764492,0.0001
125,0.027404422145336865,0.020557045564055444,29.75217104824504,0.8563953879163536,0.0001
126,0.02763846382498741,0.020108273066580296,29.84258415252083,0.8582826183186409,0.0001
127,0.027236809181049468,0.02051473278552294,29.77129736855013,0.8568568212381076,0.0001
128,0.02723482101224363,0.02009141892194748,29.862716358823082,0.8571713339378315,0.0001
129,0.027490521278232337,0.020098058506846428,29.816365310970916,0.8577526808835675,0.0001
130,0.027289244057610632,0.020325113087892532,29.800869087696373,0.8564774181064065,0.0001
131,0.027279045935720204,0.020045752823352813,29.83591076479745,0.857565286973966,0.0001
132,0.026872687516734006,0.02004383485764265,29.879186023251442,0.8575850444871873,0.0001
133,0.02719953511841595,0.02003741580992937,29.877165773858998,0.8582803299201223,0.0001
134,0.027206491474062205,0.020240947790443897,29.846171906685054,0.8572131194381385,0.0001
135,0.026996406614780425,0.020042899623513223,29.83369640246217,0.8577445839167858,0.0001
136,0.027491079373285175,0.0200181158259511,29.835739958300763,0.8568638111335716,0.0001
137,0.02707552765496075,0.020942365936934947,29.71491486447737,0.8559991471002611,0.0001
138,0.027424310613423587,0.02001408822834492,29.87230517115818,0.857974327630439,0.0001
139,0.027140426775440575,0.02044104766100645,29.80706515403449,0.8568815058213456,0.0001
140,0.02719532632268965,0.02012920528650284,29.868137986825378,0.8576541170264658,0.0001
141,0.02701937315054238,0.020289604552090168,29.87259745550137,0.8576889516939221,0.0001
142,0.027188282757997513,0.01994933094829321,29.884422448213048,0.8577952307009585,0.0001
143,0.027149194460362194,0.02015650738030672,29.855249250701696,0.8569204707227038,0.0001
144,0.027352329101413487,0.02014087401330471,29.855184081885813,0.8564940002715046,0.0001
145,0.027324784733355045,0.01996432859450579,29.919699171795173,0.8581228789234745,0.0001
146,0.02723100170493126,0.020078016445040703,29.85865080788249,0.8567134744811978,0.0001
147,0.02708554659038782,0.0200603935867548,29.88983452970918,0.8573840671844601,0.0001
148,0.026925972495228052,0.02013565171509981,29.843913897147218,0.8578252704831542,0.0001
149,0.027240048982203006,0.02017893362790346,29.84974344140587,0.8571324383498059,0.0001
150,0.02704850315116346,0.02068636268377304,29.785554330323198,0.8538651300494731,0.0001
151,0.027112556314095856,0.020846253633499144,29.778015389584834,0.8568495744905013,0.0001
152,0.02741815658286214,0.02012280933558941,29.891353006999463,0.857685963463893,0.0001
153,0.02723093530163169,0.020196988061070443,29.82334081203761,0.8582767725729346,0.0001
154,0.027267655609175562,0.019982572458684445,29.8846237360167,0.857681634466932,0.0001
155,0.02699164644815028,0.019981417059898376,29.917737256266776,0.8580533502983831,0.0001
156,0.027024771803990006,0.01993957404047251,29.916463871052986,0.8584011555424731,0.0001
157,0.02705187170766294,0.01998749505728483,29.891548365020277,0.8584079669823701,0.0001
158,0.02706080548465252,0.01996991876512766,29.951889683849874,0.8592063281523765,0.0001
159,0.026983002051711082,0.020081315375864505,29.853623009932427,0.8575077467997106,0.0001
160,0.027130467258393763,0.019803213700652123,29.98445922628136,0.8593335984799779,0.0001
161,0.027234551701694726,0.020144998282194137,29.881321555444554,0.8584060427567366,0.0001
162,0.027376684146001935,0.02036306019872427,29.884399792537874,0.8587813227342969,0.0001
163,0.02693593831732869,0.019775067269802094,29.930500198920107,0.8595702771447057,0.0001
164,0.027017443859949707,0.019908605515956877,29.897428774445622,0.8583718049610687,0.0001
165,0.027210043584927915,0.019862339086830615,29.916063209287625,0.8589270756552085,0.0001
166,0.02718762829899788,0.019996731914579867,29.910318664087775,0.8585764691089821,0.0001
167,0.02723354644142091,0.02012561969459057,29.879126690689116,0.8578927535672871,0.0001
168,0.02690037786960602,0.019973845779895784,29.88389074612267,0.8584039228283411,0.0001
169,0.026757795456796886,0.019798283092677595,29.913157375754167,0.858481137045626,0.0001
170,0.027515023853629826,0.019762874580919743,29.96901303282369,0.8592381168387236,0.0001
171,0.026980583257973194,0.019988316856324673,29.898309022099607,0.8584598788921738,0.0001
172,0.026947260536253452,0.019905390031635762,29.924971356382315,0.8585053549048769,0.0001
173,0.027042374396696687,0.020489419996738433,29.828747479320384,0.858754235820167,0.0001
174,0.026828869869932534,0.02006476614624262,29.869784427235523,0.8569471290285096,0.0001
175,0.026782837267965078,0.0199145233258605,29.923964767543417,0.8589668740613481,0.0001
176,0.0268065981939435,0.02001153789460659,29.944837492172564,0.8599342119255038,0.0001
177,0.026745686894282698,0.019806353747844695,29.988110120248137,0.8594450685245674,0.0001
178,0.026936463806778194,0.020123035274446012,29.910955369034127,0.858232066565393,0.0001
179,0.026781003214418887,0.01987898666411638,29.94668792139052,0.8589290022308849,0.0001
180,0.026985725183039905,0.020285581611096858,29.957813048917437,0.8599072331797981,0.0001
181,0.027161321667954326,0.019824804924428462,29.959077649322506,0.8592242052458194,0.0001
182,0.027037799498066305,0.019734601862728594,29.999634023594155,0.8596861301471067,0.0001
183,0.026828736551105976,0.019985911808907984,29.852556570382678,0.8582345647202543,0.0001
184,0.026865313053131102,0.01980312205851078,29.934899970765713,0.8587294588987593,0.0001
185,0.027001489475369452,0.01972091607749462,30.007117093531257,0.8598411621440034,0.0001
186,0.02688509347848594,0.01963417585939169,30.022513190878186,0.8600955463987681,0.0001
187,0.027288893861696126,0.020345761440694332,29.903393860559607,0.8593251970661354,0.0001
188,0.02695477261207998,0.019853189960122107,29.960460286214005,0.859315144463622,0.0001
189,0.026554153747856617,0.0197772566229105,29.967614225062853,0.8594679709147496,0.0001
190,0.026740129748359324,0.019756772369146348,29.962956619086192,0.8595092239725854,0.0001
191,0.02707383969798684,0.01987035870552063,29.904937740828643,0.8584420403712579,0.0001
192,0.026761908493936063,0.01975590195506811,29.966931295355852,0.8590658888355976,0.0001
193,0.02689169223420322,0.0200550040230155,29.93683335156161,0.8576929643922219,0.0001
194,0.026707822233438493,0.019772266782820225,30.019701174134717,0.8603583028548103,0.0001
195,0.027121923733502626,0.019832488521933554,29.955950666522398,0.8593332599354213,0.0001
196,0.027062034476548435,0.019855440221726896,29.972022536760853,0.8593171353153799,0.0001
197,0.026820283085107803,0.020080328360199927,29.91856298758961,0.8584695352570424,0.0001
198,0.026660620123147964,0.02002518717199564,29.89080817832747,0.8578348138773702,0.0001
199,0.026924389135092496,0.019868415780365467,29.964259676029656,0.8595585878288408,0.0001
200,0.02690254312939942,0.019781851954758168,29.985730805379184,0.8604346901807176,0.0001
201,0.026453881468623878,0.019530650414526462,30.01587890717898,0.8608042582869746,1e-05
202,0.02653720835223794,0.019501925632357597,30.037554477509143,0.8608225653215854,1e-05
203,0.026533180605620144,0.01950927171856165,30.027676310762182,0.8607333892205966,1e-05
204,0.026813161289319397,0.019540140777826308,30.020458765116484,0.8606467354159786,1e-05
205,0.026164897088892757,0.019493756256997584,30.047871706820366,0.8609784474288208,1e-05
206,0.026334029659628867,0.019515867345035076,30.05273875334121,0.8607274134851781,1e-05
207,0.026386848986148834,0.01946357823908329,30.056487831389553,0.8610067870900865,1e-05
208,0.026286247465759516,0.01947778631001711,30.048707427181615,0.8611831680236136,1e-05
209,0.02663402526639402,0.019544409215450288,30.03497081237945,0.8608187877277274,1e-05
210,0.02650548467412591,0.019501065090298652,30.04306315052083,0.8608155763372928,1e-05
211,0.026494049485772848,0.01952234599739313,30.021785313651367,0.8608204569792346,1e-05
212,0.026521712690591812,0.019453362189233304,30.065040496400513,0.8612325541924127,1e-05
213,0.026621111752465367,0.01948321219533682,30.045154296892537,0.8610531729649473,1e-05
214,0.026818142561241983,0.01953220497816801,30.039934630921277,0.860662414334701,1e-05
215,0.026575223272666336,0.01950483340770006,30.0565315182787,0.8608286375432153,1e-05
216,0.026527507090941073,0.01945729646831751,30.071763549944546,0.8612369298984687,1e-05
217,0.02669424744322896,0.019486815482378007,30.047299840030394,0.8609046072297135,1e-05
218,0.026519351350143553,0.019501950405538083,30.061657973282706,0.8609173928929261,1e-05
219,0.02639958298765123,0.019443250633776187,30.071499599421088,0.8611038406695458,1e-05
220,0.026573238819837572,0.019502753764390944,30.045788699707337,0.8609166968914919,1e-05
221,0.026193926827982068,0.01947812158614397,30.05546020436981,0.8610575876208003,1e-05
222,0.02624071086756885,0.019509935565292836,30.03985389998117,0.860663189329024,1e-05
223,0.02660574086010456,0.01949155703186989,30.042106425504528,0.8609817753239082,1e-05
224,0.026652969690039753,0.019441614858806133,30.066552379355336,0.8613100600480585,1e-05
225,0.02640687592327595,0.01946782600134611,30.060535962561023,0.8607907100547745,1e-05
226,0.02622434821911156,0.019461182318627833,30.060854573033993,0.8609779733358959,1e-05
227,0.026271296413615346,0.019480950385332107,30.04932026944558,0.8611519495964002,1e-05
228,0.02667041794396937,0.019461280852556228,30.063876696425194,0.8613033530158838,1e-05
229,0.026631952598690986,0.019466346129775047,30.057619391711864,0.861231322651397,1e-05
230,0.02640654331073165,0.019423063844442368,30.08405754808311,0.8613328647697763,1e-05
231,0.026146916663274167,0.019480295293033124,30.045944891354157,0.8610136096504423,1e-05
232,0.026388371866196393,0.019439285807311534,30.081559974274363,0.861180461268105,1e-05
233,0.025884967604652045,0.01949195209890604,30.061220399995875,0.8609680951572642,1e-05
234,0.026339443335309624,0.019503080658614634,30.054151084034082,0.8607510290815263,1e-05
235,0.02661008533090353,0.01948962826281786,30.066268871073582,0.8610869952228167,1e-05
236,0.026650079553946854,0.019527260214090347,30.030601232319288,0.8609563821690717,1e-05
237,0.026528936885297297,0.01943138483911753,30.07158815618636,0.8614585874965298,1e-05
238,0.02650052315555513,0.01942540593445301,30.07442756945653,0.8611325853879712,1e-05
239,0.026361865950748326,0.019456357508897782,30.06357382170766,0.8613341031632007,1e-05
240,0.026249667769297956,0.019407636485993862,30.085480493529456,0.8612750023529158,1e-05
241,0.02632430930621922,0.01945355124771595,30.072894087481536,0.8611827947460791,1e-05
242,0.026349532986059784,0.019425439834594726,30.079281165398914,0.8612502549182448,1e-05
243,0.026451916210353376,0.019471421651542187,30.059643695090262,0.8610118925001169,1e-05
244,0.026446280758827923,0.0194850517436862,30.04805101280699,0.8608775014159953,1e-05
245,0.026538616335019468,0.01946129370480776,30.07190161302278,0.8612078135446717,1e-05
246,0.026684773489832878,0.019466713815927506,30.064567569728514,0.861114437925834,1e-05
247,0.02618457403033972,0.01944058984518051,30.066398852359008,0.86126445164346,1e-05
248,0.026582685336470603,0.01944501269608736,30.07307814611939,0.8611793252526854,1e-05
249,0.026145399389788507,0.01940911207348108,30.09668474255684,0.8613922567598898,1e-05
250,0.026290681092068554,0.019464142434298993,30.052107597402482,0.8610707524276611,1e-05
251,0.026303028697147967,0.019418770633637904,30.083411588847525,0.861498927317464,1e-05
252,0.026306888442486524,0.019494100473821163,30.05892063986302,0.8609945820930573,1e-05
253,0.026428764006122946,0.019427751004695893,30.076327664765238,0.8612104673797718,1e-05
254,0.02665765264071524,0.019428964890539645,30.07995327477412,0.8613256438885891,1e-05
255,0.02619048334658146,0.019429876655340194,30.069190105344752,0.8614321614722467,1e-05
256,0.026446005469188093,0.019419934414327145,30.075398402584177,0.8613617533670505,1e-05
257,0.026219948711805045,0.019465906731784343,30.057003121885096,0.8609103282517887,1e-05
258,0.026410013418644667,0.019404155574738978,30.093807051672435,0.8614794310014023,1e-05
259,0.026403430318459868,0.019442165084183217,30.068881310780124,0.8612810353438836,1e-05
260,0.02615520793013275,0.01944855060428381,30.06833879919305,0.8611748405753309,1e-05
261,0.026463841274380683,0.019477391988039015,30.045194714603543,0.861019597218722,1e-05
262,0.026372054303064944,0.01947347205132246,30.05520621529526,0.8610410528746142,1e-05
263,0.02647298147901893,0.019450615718960763,30.08423965926634,0.8613433158806115,1e-05
264,0.026288674557581545,0.019454126805067064,30.0677489157374,0.8612232099931978,1e-05
265,0.026529719503596425,0.019442370720207693,30.06231738517932,0.8611800942517777,1e-05
266,0.02660360001027584,0.01944545041769743,30.06335522559877,0.8612813526790198,1e-05
267,0.0262490776181221,0.01939450278878212,30.084677150090435,0.8615944496549556,1e-05
268,0.026593404831364752,0.019410273991525173,30.085975748384527,0.8614580050526094,1e-05
269,0.026235004896298052,0.019411709159612656,30.0679554014555,0.8613354155820133,1e-05
270,0.026275560660287738,0.019451100192964078,30.070227678395288,0.8611789592941761,1e-05
271,0.02641983635723591,0.01941721234470606,30.083700499369918,0.8613834810213874,1e-05
272,0.02638918143697083,0.01944208275526762,30.087906491365725,0.8611774558087093,1e-05
273,0.026302555631846188,0.019433042220771312,30.079540974440647,0.8612517735202208,1e-05
274,0.026426742244511844,0.019450847059488297,30.060062472411126,0.8610735191661318,1e-05
275,0.026461413325741888,0.019426253996789454,30.07569065317144,0.861334137375283,1e-05
276,0.026035304507240654,0.01943635456264019,30.075612604674724,0.8613588541492678,1e-05
277,0.026166631514206527,0.019416837394237517,30.09105319157746,0.8614445363032104,1e-05
278,0.02624007931910455,0.01937463991343975,30.08504453633264,0.861612774194622,1e-05
279,0.026345066633075474,0.019451604411005973,30.061903041785854,0.861245070107994,1e-05
280,0.026163408989086746,0.019415206275880337,30.08463906029043,0.8614783666438235,1e-05
281,0.02599388934671879,0.01942074280232191,30.071515564034996,0.8612474880286897,1e-05
282,0.026549754701554774,0.019365044683218,30.09066301827292,0.8615680473915621,1e-05
283,0.02611900554038584,0.01941847950220108,30.07914170813128,0.8613334013901921,1e-05
284,0.026500718742609022,0.019388126023113728,30.074433210109476,0.8616740128524658,1e-05
285,0.02649893277324736,0.019409423880279063,30.076650059566553,0.8614780855671516,1e-05
286,0.026669719712808727,0.019397487118840217,30.090312517025303,0.8615572987016241,1e-05
287,0.026316252509132027,0.019438738562166692,30.06707527864221,0.8612225627867327,1e-05
288,0.026349159833043815,0.019438662566244602,30.06399805054241,0.8611713542786787,1e-05
289,0.026170716863125564,0.019425936788320542,30.07153972299609,0.8613138180629809,1e-05
290,0.026369374860078097,0.01940709389746189,30.068114455299547,0.8614212100368747,1e-05
291,0.026177880531176926,0.01941493954509497,30.083816364735895,0.8614128446620789,1e-05
292,0.026482330756261944,0.019391960091888906,30.07684130929683,0.8615716316064417,1e-05
293,0.026388793215155602,0.01945709325373173,30.07387033820355,0.8613936772822004,1e-05
294,0.026727090375497937,0.01942277476191521,30.06772269617352,0.861352414371509,1e-05
295,0.025997182400897146,0.01936064977198839,30.105172624166357,0.8617427616020066,1e-05
296,0.026231031930074096,0.019428865425288676,30.074150366180664,0.8612611987539399,1e-05
297,0.02638152482919395,0.01939991619437933,30.089522770340427,0.8615870960114979,1e-05
298,0.026529442742466925,0.01938257981091738,30.091227473214737,0.8616262663457551,1e-05
299,0.02632462952286005,0.019386902637779712,30.086370112087202,0.861636869180242,1e-05
300,0.026392885698005557,0.01936837416142225,30.100310177667076,0.8616441268917272,1e-05
301,0.026281508263200522,0.019388938695192336,30.082193241938956,0.8615406207231653,1e-05
302,0.026604064246639608,0.01941422000527382,30.072778887659343,0.861238083544578,1e-05
303,0.026601544516161084,0.019350495561957358,30.108072733017178,0.8617467819465425,1e-05
304,0.026574520375579596,0.019398282654583453,30.090848909912573,0.8613168663014571,1e-05
305,0.026377174351364375,0.019424033537507056,30.070033284840463,0.8614211997612428,1e-05
306,0.026431768490001558,0.019413636066019535,30.083756776990192,0.861367658301339,1e-05
307,0.02626283761113882,0.019395042583346365,30.08998584741722,0.8613840925907656,1e-05
308,0.026485796170309186,0.019405935518443586,30.089118990373084,0.8614291302972606,1e-05
309,0.02617563748732209,0.019411417841911315,30.073759661416982,0.8614926540355194,1e-05
310,0.026458984464406966,0.019402377493679523,30.079160272547853,0.8615196084620005,1e-05
311,0.02624564685858786,0.01942540556192398,30.072909560352183,0.8613800732056447,1e-05
312,0.026632304340600967,0.019391047954559325,30.092628854689185,0.8614335271634472,1e-05
313,0.026302028531208634,0.019399584084749222,30.08578602483335,0.8615259087802671,1e-05
314,0.02645514251664281,0.01938946694135666,30.07662679582081,0.8616177631452377,1e-05
315,0.026208938267081976,0.01939745042473078,30.09007421954751,0.8615403544826321,1e-05
316,0.02616289014928043,0.019379076175391675,30.09154136042536,0.8616725341156262,1e-05
317,0.026621393747627734,0.019426057860255242,30.075706693871872,0.8612747657478543,1e-05
318,0.026219552443362774,0.019427850283682345,30.065476303975885,0.8613793614727812,1e-05
319,0.026215905174613,0.019445785135030747,30.06767227210228,0.8612767796444765,1e-05
320,0.026009360738098623,0.01943304818123579,30.063783100469834,0.8613671383085706,1e-05
321,0.02653400749899447,0.019359959103167058,30.102001502368996,0.8616942797020061,1e-05
322,0.02632088089361787,0.019372425228357314,30.089649392768745,0.8616012070248834,1e-05
323,0.026222060387954115,0.019388246536254882,30.087698544726827,0.8616017650428681,1e-05
324,0.026303318440914155,0.019368229433894157,30.086198015825136,0.8615319360313556,1e-05
325,0.02616965314373374,0.019392855651676654,30.08290756773075,0.8614341997650662,1e-05
326,0.026575613347813488,0.019380465149879456,30.077899947731595,0.861509690425842,1e-05
327,0.026385938292369248,0.019343396089971064,30.107768978053308,0.8617742551653181,1e-05
328,0.02610787716694176,0.019371610321104526,30.107726271620514,0.8616032466418625,1e-05
329,0.026534939920529722,0.019393492862582205,30.07681802349257,0.8615852235334955,1e-05
330,0.026521711004897953,0.019385629519820213,30.086626880056873,0.8616252611978601,1e-05
331,0.026152654066681862,0.019423875398933886,30.077955951347754,0.8612643241889881,1e-05
332,0.026435447288677097,0.019330725818872452,30.114643429522566,0.8617272805393899,1e-05
333,0.026205717585980892,0.019375795684754848,30.100514695037084,0.8616487408302242,1e-05
334,0.026351575870066882,0.019445461966097356,30.08575741133412,0.8612206527836135,1e-05
335,0.02646189508959651,0.019385869987308978,30.098622979513937,0.8615351615438621,1e-05
336,0.02637324624694884,0.019422139786183835,30.088175733955307,0.8611734437921015,1e-05
337,0.02615639499388635,0.019368120282888413,30.100012359472334,0.8615431435267865,1e-05
338,0.026302474969998,0.01934668477624655,30.110547822309105,0.8617352472584259,1e-05
339,0.026560124112293124,0.01939171850681305,30.09137908135628,0.8615949413211632,1e-05
340,0.02654349603690207,0.019357195310294627,30.110838587491894,0.861754525145112,1e-05
341,0.026271567484363913,0.01936970241367817,30.100657364936517,0.8619066835755049,1e-05
342,0.026298249224200845,0.019371598958969116,30.09266273442379,0.8617803113691105,1e-05
343,0.02624885531142354,0.0194274989888072,30.075206305471646,0.8610793796629496,1e-05
344,0.026337178871035576,0.019395959004759787,30.087761072207893,0.861373361720496,1e-05
345,0.026495547955855726,0.01936871726065874,30.098358265950463,0.8616963018562773,1e-05
346,0.026005617287009956,0.019402483105659486,30.085114086793965,0.8615252754451632,1e-05
347,0.02652221136726439,0.019386826641857625,30.08912354819329,0.8616147744610659,1e-05
348,0.02640516879968345,0.019398596324026584,30.097358534491853,0.8618956457818674,1e-05
349,0.026377987312152983,0.01940610781311989,30.090668320386207,0.8612205728796578,1e-05
350,0.026463518412783743,0.01937977597117424,30.09100736672836,0.8614733713115621,1e-05
351,0.026435532653704286,0.0193815428763628,30.086431901246463,0.861649592633168,1e-05
352,0.026118611991405485,0.019416108168661593,30.09498527529101,0.8613865973787004,1e-05
353,0.02642321279272437,0.01933823823928833,30.11765217392472,0.8616338063611859,1e-05
354,0.02619017170742154,0.01937492974102497,30.098519651484487,0.8618161344906063,1e-05
355,0.02614492143969983,0.019472104497253895,30.070081194719364,0.8611037429182004,1e-05
356,0.026234328914433717,0.01949570905417204,30.058090841787514,0.8613373535449849,1e-05
357,0.026079090926796198,0.019373992457985878,30.086181305082334,0.8617973668225278,1e-05
358,0.026382570788264274,0.01931584645062685,30.11383681704899,0.8620002079708294,1e-05
359,0.02665378987789154,0.01933162920176983,30.11326009319846,0.8618480851069776,1e-05
360,0.02631286172196269,0.019355320371687412,30.109679671311532,0.861602649960863,1e-05
361,0.026368879256770016,0.01933566201478243,30.114985167281407,0.861797127521467,1e-05
362,0.02622987290844321,0.019384749792516233,30.100176089364005,0.8616769447523662,1e-05
363,0.026151747088879348,0.019383885711431504,30.079982711024854,0.8616216153757597,1e-05
364,0.025962298717349768,0.019333770871162413,30.119307756844314,0.8619033346653427,1e-05
365,0.02616831417195499,0.01937181446701288,30.09951283791647,0.8616208430589163,1e-05
366,0.02620098851621151,0.01934299748390913,30.096204553866592,0.8618728596722575,1e-05
367,0.02648805933073163,0.019357013516128063,30.09763934978322,0.8616791380441814,1e-05
368,0.026197357466444374,0.019310134276747704,30.130614535476546,0.861864378883005,1e-05
369,0.02613970503676683,0.019372012838721274,30.093999524307577,0.8617794518256889,1e-05
370,0.026189629286527634,0.019368088990449905,30.10606647571032,0.8616402023007798,1e-05
371,0.026283481027930974,0.01935620103031397,30.10712477387363,0.861754518958886,1e-05
372,0.026047480348497628,0.01934571098536253,30.102968811696126,0.8619590678454531,1e-05
373,0.026191975697875024,0.019378679804503918,30.10231593433037,0.8612848339384909,1e-05
374,0.025922767082229257,0.019338646344840525,30.10442257348806,0.8620378474446412,1e-05
375,0.026204452672973274,0.019349772296845914,30.095787293062596,0.8615581294149035,1e-05
376,0.02586266797967255,0.01934852059930563,30.099489200095842,0.8617693609442029,1e-05
377,0.026327877333387734,0.019373257271945478,30.102421155339663,0.8615564100193984,1e-05
378,0.026511654974892735,0.01935445163398981,30.101144734371115,0.8617807732822724,1e-05
379,0.026469501703977584,0.019349741749465466,30.100729435935694,0.8617409362821322,1e-05
380,0.026496085692197083,0.01929509025067091,30.13581829118697,0.8619906821060654,1e-05
381,0.026640359153971074,0.019397624768316746,30.085927628608154,0.8613686208501317,1e-05
382,0.02638164264149964,0.019433987513184547,30.084078502044697,0.8613508543751542,1e-05
383,0.026444103363901378,0.019346960820257664,30.1092316728289,0.8617245614539799,1e-05
384,0.026562388353049755,0.019298727996647357,30.128565777332504,0.8620958480728115,1e-05
385,0.026458065938204527,0.019304786063730716,30.110310772695605,0.8619636230814951,1e-05
386,0.026203285735100508,0.019325135089457036,30.114372656541256,0.8619889829754939,1e-05
387,0.025995712811127305,0.019391213543713093,30.096398363663372,0.8613076416136828,1e-05
388,0.026134132817387582,0.01936429962515831,30.090443001846943,0.8615835303410178,1e-05
389,0.02618451359681785,0.019352015294134616,30.11715261598554,0.8616520194056653,1e-05
390,0.026155610820278525,0.019334688037633895,30.109860573879843,0.8618677789488345,1e-05
391,0.026253036437556148,0.01937177386134863,30.101128493688652,0.8616486473269347,1e-05
392,0.026262500137090684,0.019339579716324808,30.111837220278897,0.8617774990906419,1e-05
393,0.02592439063824713,0.01932823620736599,30.10448788034815,0.8617538376146504,1e-05
394,0.02612467121332884,0.01935979276895523,30.10975297730239,0.8616732241803462,1e-05
395,0.026337266713380814,0.01936415359377861,30.10207229352298,0.8617560522592622,1e-05
396,0.02606721293181181,0.019381532818078993,30.088300744156278,0.8616145788516307,1e-05
397,0.026160914441570638,0.019388599134981633,30.09179372081828,0.8615840576254069,1e-05
398,0.026434519020840527,0.019376887008547783,30.09285002183742,0.8616932111149401,1e-05
399,0.026285030767321586,0.019341974146664144,30.105958627471882,0.8616125594550731,1e-05
400,0.026401599571108818,0.019366942904889585,30.10860312451328,0.8617687738401241,1e-05
401,0.02624046228826046,0.01934611573815346,30.108878710963644,0.861856887411254,1.0000000000000002e-06
402,0.026196669535711408,0.01931921113282442,30.116565107430937,0.8620388591351883,1.0000000000000002e-06
403,0.026270730728283523,0.01933808606117964,30.10652010389674,0.8618905136648551,1.0000000000000002e-06
404,0.026220892975106835,0.01932613868266344,30.11066237360198,0.8619602568405105,1.0000000000000002e-06
405,0.02642935042269528,0.019322841241955758,30.11295771685807,0.8619255660485716,1.0000000000000002e-06
406,0.02621827925555408,0.019320846907794474,30.118896444327977,0.8619584459704571,1.0000000000000002e-06
407,0.026284545287489892,0.019323482923209668,30.11476649363599,0.861948618720969,1.0000000000000002e-06
408,0.02602890143170953,0.019317294470965862,30.11625975134383,0.8619664319031569,1.0000000000000002e-06
409,0.0262342544272542,0.019329740665853024,30.11465667745112,0.8618710828637293,1.0000000000000002e-06
410,0.026271432619541884,0.019310170970857143,30.11889161651667,0.8619729046227406,1.0000000000000002e-06
411,0.02644866022281349,0.019319459423422815,30.117248392612453,0.8618989234412633,1.0000000000000002e-06
412,0.02627877748571336,0.019311506114900113,30.11701475353405,0.8620207019313719,1.0000000000000002e-06
413,0.026259689261205494,0.01931197140365839,30.121057225588153,0.861980876834496,1.0000000000000002e-06
414,0.026235256530344486,0.01930991802364588,30.11785607273179,0.8620162240366115,1.0000000000000002e-06
415,0.02592414219863713,0.01931561678647995,30.11614734982848,0.8620206517590203,1.0000000000000002e-06
416,0.02630584305152297,0.01930796168744564,30.120709095096572,0.8620021867112252,1.0000000000000002e-06
417,0.026041387296281755,0.019322058744728567,30.116049948051234,0.8618972020499553,1.0000000000000002e-06
418,0.02602907728403807,0.01932713445276022,30.113453647933547,0.8619118612449899,1.0000000000000002e-06
419,0.026274426812306045,0.01931206528097391,30.117852289856888,0.8619797151190463,1.0000000000000002e-06
420,0.02605095511302352,0.019314796291291715,30.11929739596126,0.8619809084784291,1.0000000000000002e-06
421,0.026446757707744836,0.019313120283186436,30.11718169350859,0.8620455864426664,1.0000000000000002e-06
422,0.02627608597278595,0.019323786534368993,30.115814699361266,0.8618991803938527,1.0000000000000002e-06
423,0.026041676457971334,0.01931972671300173,30.115834304725468,0.8619355301234435,1.0000000000000002e-06
